⭐⭐,average,2025-04-12 10:11:41.217311
⭐⭐⭐,average,2025-04-12 10:11:55.698387
⭐⭐⭐⭐,accurate prediction,2025-04-12 15:44:42.981024
⭐,modreate accuration,2025-04-12 15:54:49.025658
⭐⭐,ok,2025-04-13 18:18:32.863567
⭐,poor prediction,2025-04-14 11:16:51.183321
⭐⭐⭐,"poor prediction ,, waste of time",2025-04-19 13:51:55.156746
⭐⭐⭐⭐⭐,"super useful site
",2025-04-20 15:29:01.315050
⭐⭐,gender correct ..but age range is incorrect,2025-04-20 15:34:38.689405
⭐⭐,hhh,2025-04-23 11:59:41.546533
⭐⭐,hhh,2025-04-23 11:59:41.753196
⭐⭐,poor prediction,2025-04-24 14:36:07.280351
⭐⭐,super ,2025-06-13 21:01:37.528698
